NECESSIDADE ESTOQUE ONLINE - VENDA DE 01/05/25  A  27/05/25   Estoque:'27/05/25;;;;;;;;;;;;;;;;;;;;;;;;;;;;;;;;;;;;;;
;;;;;;;;;;;;;;;;;;;;;;;;;;;;;;;;;;;;;;
Dias M‚dia :;27;Un. Venda;Per¡odo;;;;;;;;;;;;;;;;;;;;;;;;;;;;;;;;;;;
C¢digo;Un;Produto;Compra;Venda;M‚dia;Venda Dia;Estoque;Dias Estoque;Custo Estoque;;;;;;;;;;;;;;;;;;;;;;;;;;;;;
1111;CX;ORIGINAL PROFISSA RET 300 ML 23X300 ML;2,00;4,00;0,14;;20,95;149,67;1.324,98;;;;;;;;;;;;;;;;;;;;;;;;;;;;;
1134;CX;BUDWEISER PROFISSA 300 ML 23X300 ML;2,00;;;;19,00;;;;;;;;;;;;;;;;;;;;;;;;;;;;;;;
2001;CX;SKOL PILSEN PROFISSA 300 ML 23X300 ML;;8,00;0,29;;82,00;282,75;4.379,39;;;;;;;;;;;;;;;;;;;;;;;;;;;;;
2004;CX;BRAHMA CHOPP PROFISSA 300 ML 23X300 ML;;24,00;0,88;1,00;-24,99;;;;;;;;;;;;;;;;;;;;;;;;;;;;;;;
4002;CX;ANTARCTICA PROFISSA 300 ML 23X300 ML;1,00;7,00;0,25;;143,00;572,00;7.441,91;;;;;;;;;;;;;;;;;;;;;;;;;;;;;
4024;CX;BRAHMA CHOPP ZERO PROF 300 ML  23X300 ML;2,00;6,00;0,22;;-4,00;;;;;;;;;;;;;;;;;;;;;;;;;;;;;;;
;;* Total Categoria :001 300 (RET);7,00;49,00;1,81;1,00;235,96;130,36;11.639,08;;;;;;;;;;;;;;;;;;;;;;;;;;;;;
1;DZ;SKOL PILSEN GARRAFA 600 ML 12X600 ML;;39,00;1,44;1,00;618,00;429,16;43.502,74;;;;;;;;;;;;;;;;;;;;;;;;;;;;;
2;DZ;ANTARCTICA PILSEN GFA 600 ML 12X600 ML;;76,00;2,81;2,00;99,00;35,23;6.430,18;;;;;;;;;;;;;;;;;;;;;;;;;;;;;
4;DZ;BRAHMA CHOPP GARRAFA 600 ML 12X600 ML;24,00;103,00;3,81;2,00;483,57;126,92;35.946,36;;;;;;;;;;;;;;;;;;;;;;;;;;;;;
11;DZ;ORIGINAL GARRAFA 600 ML 12X600 ML;2,00;99,00;3,66;1,00;-98,01;;;;;;;;;;;;;;;;;;;;;;;;;;;;;;;
53;DZ;EISENBAHN PURO MALT GFA 600 ML 12X600 ML;4,00;;;;11,00;;;;;;;;;;;;;;;;;;;;;;;;;;;;;;;
93;DZ;PLIER MALZ S/ALCOOL GFA 600 ML 12X600 ML;70,00;19,00;0,70;1,00;428,99;612,84;23.066,10;;;;;;;;;;;;;;;;;;;;;;;;;;;;;
1034;DZ;BUDWEISER GARRAFA 600 ML 12X600 ML;2,00;4,00;0,14;;-2,00;;;;;;;;;;;;;;;;;;;;;;;;;;;;;;;
5000;DZ;KAISER PILSEN GARRAFA 600 ML 12X600 ML;200,00;2,00;0,07;;1.755,75;25.082,14;82.234,33;;;;;;;;;;;;;;;;;;;;;;;;;;;;;
5048;DZ;HEINEKEN GARRAFA 600 ML 12X600 ML;;72,08;2,66;4,00;924,50;347,55;90.009,91;;;;;;;;;;;;;;;;;;;;;;;;;;;;;
;;* Total Categoria :002 600 (RET);302,00;414,08;15,33;11,00;4.220,80;275,32;272.455,62;;;;;;;;;;;;;;;;;;;;;;;;;;;;;
8;DZ;SKOL PILSEN LITRAO 1 LT 12X1000 ML;;7,00;0,25;;295,00;1.180,00;24.018,03;;;;;;;;;;;;;;;;;;;;;;;;;;;;;
19;DZ;BRAHMA CHOPP LITRAO 1 LT 12X1000 ML;51,00;2,00;0,07;;219,47;3.135,31;17.844,64;;;;;;;;;;;;;;;;;;;;;;;;;;;;;
511;DZ;ORIGINAL LITRAO 1LT 12X1000 ML;;27,00;1,00;;-27,00;;;;;;;;;;;;;;;;;;;;;;;;;;;;;;;
2002;DZ;ANTARCTICA PILSEN LITRAO 1 LT  12X1000 ML;11,00;10,00;0,37;;1,00;2,70;79,82;;;;;;;;;;;;;;;;;;;;;;;;;;;;;
2034;DZ;BUDWEISER LITRAO 1 LT 12X1000 ML;1,00;3,00;0,11;;-2,00;;;;;;;;;;;;;;;;;;;;;;;;;;;;;;;
;;* Total Categoria :004 1000 (RET);63,00;49,00;1,81;;486,47;268,76;39.144,21;;;;;;;;;;;;;;;;;;;;;;;;;;;;;
122;DZ;SPATEN N ONE WAY 600ML 12X600 ML;1,00;6,00;0,22;;-1,00;;;;;;;;;;;;;;;;;;;;;;;;;;;;;;;
;;* Total Categoria :007 600 (SEM RET);1,00;6,00;0,22;;-1,00;4,54;87,05;;;;;;;;;;;;;;;;;;;;;;;;;;;;;
;;* Total GRUPO :001 CERVEJAS RETORNAVEIS;373,00;518,08;19,18;12,00;4.942,23;257,67;323.151,87;;;;;;;;;;;;;;;;;;;;;;;;;;;;;
167;PT;SKOL LATINHA 269 ML 15X269 ML;;38,00;1,40;;886,00;632,85;31.445,41;;;;;;;;;;;;;;;;;;;;;;;;;;;;;
1025;DZ;ITAIPAVA PILSEN LATINHA 269 ML 12X269 ML;;194,00;7,18;30,00;496,50;69,15;11.816,93;;;;;;;;;;;;;;;;;;;;;;;;;;;;;
1510;PC;ORIGINAL LATINHA 269 ML 8X269 ML;;3,00;0,11;;-3,00;;;;;;;;;;;;;;;;;;;;;;;;;;;;;;;
2024;PT;BRAHMA LATINHA 269 ML 15X269 ML;;119,00;4,40;20,00;-139,00;;;;;;;;;;;;;;;;;;;;;;;;;;;;;;;
;;* Total Categoria :001 LATA 269;;354,00;13,11;50,00;1.240,50;94,62;38.278,05;;;;;;;;;;;;;;;;;;;;;;;;;;;;;
21;DZ;SKOL LATA 350 ML 12X350 ML;1,00;216,00;8,00;;814,00;101,75;27.217,96;;;;;;;;;;;;;;;;;;;;;;;;;;;;;
22;DZ;ANTARCTICA LATA 350 ML 12X350 ML;1,00;387,00;14,33;;402,17;28,06;12.900,88;;;;;;;;;;;;;;;;;;;;;;;;;;;;;
24;DZ;BRAHMA LATA 350 ML 12X350 ML;1,00;635,50;23,53;32,00;-82,50;;;;;;;;;;;;;;;;;;;;;;;;;;;;;;;
524;PC;BRAHMA PACOTAO LATA 350 ML 18X350 ML;;55,00;2,03;;-55,00;;;;;;;;;;;;;;;;;;;;;;;;;;;;;;;
1024;DZ;BRAHMA ZERO LATA 350 ML 12X350 ML;1,00;46,25;1,71;5,00;449,75;263,01;18.286,56;;;;;;;;;;;;;;;;;;;;;;;;;;;;;
1032;DZ;BUDWEISER LATA 350 ML 12X350 ML;;632,00;23,40;;-633,00;;;;;;;;;;;;;;;;;;;;;;;;;;;;;;;
1049;DZ;MALZBIER BRAHMA LATA 350 ML 12X350 ML;;2,00;0,07;;-2,00;;;;;;;;;;;;;;;;;;;;;;;;;;;;;;;
1511;DZ;ORIGINAL LATA 350 ML 12X350 ML;;301,00;11,14;36,58;756,42;67,90;36.212,53;;;;;;;;;;;;;;;;;;;;;;;;;;;;;
2012;DZ;CARACU LATA 350 ML 12X350 ML;;10,00;0,37;;45,00;121,62;2.089,47;;;;;;;;;;;;;;;;;;;;;;;;;;;;;
2021;PC;SKOL PACOTAO LATA 350 ML 18X350 ML;;34,00;1,25;;-35,00;;;;;;;;;;;;;;;;;;;;;;;;;;;;;;;
2073;DZ;PLIER LATA S\ ALCOOL 350 ML 12X350 ML;;5,00;0,18;;96,00;533,33;3.129,95;;;;;;;;;;;;;;;;;;;;;;;;;;;;;
2093;DZ;PLIER MALZ LAT S\ALCOOL 350 ML 12X350 ML;792,00;253,00;9,37;24,00;1.146,00;122,30;45.958,93;;;;;;;;;;;;;;;;;;;;;;;;;;;;;
5030;DZ;AMSTEL LATA SLEEK 350 ML 12X350 ML;;21,00;0,77;;-21,00;;;;;;;;;;;;;;;;;;;;;;;;;;;;;;;
5742;DZ;HEINEKEN ZERO LATA SLEEK 350 12X350 ML;;5,00;0,18;;-5,00;;;;;;;;;;;;;;;;;;;;;;;;;;;;;;;
;;* Total Categoria :002 LATA 350;796,00;2.602,75;96,39;97,58;2.875,83;29,83;115.931,41;;;;;;;;;;;;;;;;;;;;;;;;;;;;;
1094;DZ;PLIER MALZ LAT S\ALCOOL 473 ML 12X473 ML;22,00;12,00;0,44;;61,00;138,63;2.926,75;;;;;;;;;;;;;;;;;;;;;;;;;;;;;
1095;DZ;PLIER RADLER LEMON S\A 473 ML  12X473 ML;;2,00;0,07;;148,50;2.121,42;7.098,69;;;;;;;;;;;;;;;;;;;;;;;;;;;;;
5751;DZ;HEINEKEN LATAO 473 ML 12X473 ML;;1,00;0,03;;4,00;133,33;253,92;;;;;;;;;;;;;;;;;;;;;;;;;;;;;
5021;DZ;KAISER LAGER LATAO 473 ML 12X473 ML;;6,00;0,22;;373,00;1.695,45;13.383,24;;;;;;;;;;;;;;;;;;;;;;;;;;;;;
;;* Total Categoria :003 LATAO 473;22,00;21,00;0,77;;586,50;761,68;23.662,61;;;;;;;;;;;;;;;;;;;;;;;;;;;;;
5033;DZ;AMSTEL ULTRA LN 275 ML 12X275 ML;20,00;;;;36,00;761,68;;;;;;;;;;;;;;;;;;;;;;;;;;;;;;
;;* Total Categoria :009 LN 275;20,00;;;;36,00;;;;;;;;;;;;;;;;;;;;;;;;;;;;;;;
127;DZ;SPATEN MUNICH LN 330 ML 12X330 ML;;2,00;0,07;;12,00;171,42;614,15;;;;;;;;;;;;;;;;;;;;;;;;;;;;;
;;* Total Categoria :011 LN 343;;2,00;0,07;;12,00;171,42;614,15;;;;;;;;;;;;;;;;;;;;;;;;;;;;;
44;DZ;BRAHMA LN 355 ML 12X355 ML;;8,00;0,29;;-8,00;;;;;;;;;;;;;;;;;;;;;;;;;;;;;;;
49;DZ;BRAHMA MALZBIER LN 355 ML 12X355 ML;;9,00;0,33;;-9,00;;;;;;;;;;;;;;;;;;;;;;;;;;;;;;;
1035;CX;CORONA EXTRA LN 330 ML 24X330 ML;;6,50;0,24;;-6,50;;;;;;;;;;;;;;;;;;;;;;;;;;;;;;;
3024;DZ;BRAHMA ZERO LN 355ML 12X355 ML;;6,00;0,22;;-6,00;;;;;;;;;;;;;;;;;;;;;;;;;;;;;;;
;;* Total Categoria :012 LN 355;;29,50;1,09;;-29,50;27,06;513,10;;;;;;;;;;;;;;;;;;;;;;;;;;;;;
1033;DZ;BUDWEISER LN 330 ML 12X330 ML;;392,00;14,51;2,00;-394,00;;;;;;;;;;;;;;;;;;;;;;;;;;;;;;;
1138;DZ;STELLA ARTOIS LN 330 ML 12X330 ML;;6,00;0,22;;53,17;241,66;3.072,04;;;;;;;;;;;;;;;;;;;;;;;;;;;;;
3071;DZ;STELLA P GOLD S/G LN 330 ML 12X330 ML;2,00;4,00;0,14;;-2,00;;;;;;;;;;;;;;;;;;;;;;;;;;;;;;;
5847;DZ;SOL PREMIUM LN 330 ML 12X330 ML;;86,00;3,18;10,00;1.364,00;428,93;65.631,65;;;;;;;;;;;;;;;;;;;;;;;;;;;;;
5848;DZ;HEINEKEN LN 330 ML 12X330 ML;;168,00;6,22;4,00;-172,00;;;;;;;;;;;;;;;;;;;;;;;;;;;;;;;
5851;DZ;HEINEKEN S/ALCOOL LN 330 ML 12X330ML;10,00;5,00;0,18;;44,00;244,44;2.831,20;;;;;;;;;;;;;;;;;;;;;;;;;;;;;
;;* Total Categoria :018 330 ML (VIDRO);12,00;661,00;24,48;16,00;893,16;36,48;79.719,94;;;;;;;;;;;;;;;;;;;;;;;;;;;;;
;;* Total GRUPO :002 CERVEJAS DESC;850,00;3.670,25;135,93;163,58;5.614,50;41,30;217.801,65;;;;;;;;;;;;;;;;;;;;;;;;;;;;;
55;DZ;COCA COLA KS (RET) 290 ML 12X290 ML;242,00;48,00;1,77;4,00;2.140,83;1.209,51;55.090,41;;;;;;;;;;;;;;;;;;;;;;;;;;;;;
;;* Total Categoria :002 290 ML (RET);242,00;48,00;1,77;4,00;2.140,83;1.209,51;55.090,41;;;;;;;;;;;;;;;;;;;;;;;;;;;;;
6115;DZ;GAROTO FRAMBOESA RET 600 ML 12X600 ML;672,00;568,00;21,03;26,00;667,44;31,73;7.448,52;;;;;;;;;;;;;;;;;;;;;;;;;;;;;
6117;DZ;GAROTO ABACAXI RET 600 ML 12X600 ML;672,00;531,00;19,66;16,00;375,51;19,10;4.190,66;;;;;;;;;;;;;;;;;;;;;;;;;;;;;
6118;DZ;GAROTO LARANJA RET 600 ML 12X600 ML;168,00;364,00;13,48;17,00;51,99;3,85;580,22;;;;;;;;;;;;;;;;;;;;;;;;;;;;;
6119;DZ;GAROTO LIMAO RET 600 ML 12X600 ML;504,00;749,00;27,74;9,00;398,78;14,37;4.450,26;;;;;;;;;;;;;;;;;;;;;;;;;;;;;
6120;DZ;GAROTO TUBAINA RET 600 ML 12X600 ML;588,00;1.249,00;46,25;16,00;632,92;13,68;7.063,31;;;;;;;;;;;;;;;;;;;;;;;;;;;;;
;;* Total Categoria :003 600 ML (RET);2.604,00;3.461,00;128,18;84,00;2.126,65;16,59;23.733,00;;;;;;;;;;;;;;;;;;;;;;;;;;;;;
5455;DZ;COCA COLA RET 1 LT 12X1000 ML;510,00;70,00;2,59;1,00;3.239,82;1.250,89;132.813,37;;;;;;;;;;;;;;;;;;;;;;;;;;;;;
;;* Total Categoria :004 1000 ML (RET);510,00;70,00;2,59;1,00;3.239,82;1.250,89;132.813,37;;;;;;;;;;;;;;;;;;;;;;;;;;;;;
1081;DZ;GUARANA ANT CACULINHA 200 ML 12X200 ML;;7,00;0,25;;-8,00;;;;;;;;;;;;;;;;;;;;;;;;;;;;;;;
1084;DZ;PEPSI COLA CACULINHA 200 ML 12X200 ML;;6,00;0,22;;-6,00;;;;;;;;;;;;;;;;;;;;;;;;;;;;;;;
1088;DZ;SODA LIMONADA CACULINHA 200 ML 12X200 ML;;1,00;0,03;;1,00;33,33;12,58;;;;;;;;;;;;;;;;;;;;;;;;;;;;;
5055;DZ;COCA COLA PET 200 ML 12X200 ML;70,00;26,00;0,96;;674,50;702,60;12.116,51;;;;;;;;;;;;;;;;;;;;;;;;;;;;;
;;* Total Categoria :007 200 ML (PET);70,00;40,00;1,48;;661,50;446,95;12.158,27;;;;;;;;;;;;;;;;;;;;;;;;;;;;;
5057;DZ;COCA COLA ZERO PET 200 ML 12X200 ML;20,00;;;;79,00;446,95;;;;;;;;;;;;;;;;;;;;;;;;;;;;;;
;;* Total Categoria :008 250 ML (PET);20,00;;;;79,00;;;;;;;;;;;;;;;;;;;;;;;;;;;;;;;
5152;DZ;FANTA GUARANA LT 12X350 ML;2,50;;;;2,50;;;;;;;;;;;;;;;;;;;;;;;;;;;;;;;
61;DZ;GUARANA ANTARCTICA LATA 350 ML 12X350 ML;;87,00;3,22;4,00;1.111,83;345,28;26.330,78;;;;;;;;;;;;;;;;;;;;;;;;;;;;;
62;DZ;SODA LIMONADA LATA 350ML 12X350 ML;;1,00;0,03;;11,00;366,66;326,48;;;;;;;;;;;;;;;;;;;;;;;;;;;;;
63;DZ;SUKITA LARANJA LATA 350 ML 12X350 ML;1,00;1,00;0,03;;14,00;466,66;389,09;;;;;;;;;;;;;;;;;;;;;;;;;;;;;
64;DZ;PEPSI COLA LATA 350 ML 12X350 ML;;3,00;0,11;;193,00;1.754,54;5.021,25;;;;;;;;;;;;;;;;;;;;;;;;;;;;;
65;DZ;AGUA TONICA ANT LATA 350 ML 12X350 ML;;20,00;0,74;;-20,00;;;;;;;;;;;;;;;;;;;;;;;;;;;;;;;
66;DZ;GUARANA ANT ZERO LATA 350 ML 12X350 ML;26,00;8,00;0,29;;115,00;396,55;3.120,66;;;;;;;;;;;;;;;;;;;;;;;;;;;;;
70;CX;TONICA ANT ZERO LATA 350 ML 12X350 ML;;7,00;0,25;;-7,00;;;;;;;;;;;;;;;;;;;;;;;;;;;;;;;
69;DZ;COCA COLA LATA 350 ML 12X350 ML;792,00;322,50;11,94;57,58;900,67;75,43;31.495,52;;;;;;;;;;;;;;;;;;;;;;;;;;;;;
1069;DZ;COCA COLA ZERO LATA 350 ML 12X350 ML;350,00;53,50;1,98;7,00;1.001,00;505,55;35.325,42;;;;;;;;;;;;;;;;;;;;;;;;;;;;;
5150;DZ;FANTA LARANJA LATA 350 ML 12X350 ML;40,00;5,50;0,20;;210,00;1.049,99;7.388,98;;;;;;;;;;;;;;;;;;;;;;;;;;;;;
5151;DZ;FANTA UVA LATA 350 ML 12X350 ML;15,00;2,00;0,07;1,00;162,00;2.314,28;5.713,62;;;;;;;;;;;;;;;;;;;;;;;;;;;;;
5158;DZ;SPRITE LATA 350 ML 12X350 ML;20,00;3,50;0,12;;111,50;929,16;3.966,13;;;;;;;;;;;;;;;;;;;;;;;;;;;;;
5160;DZ;SCHWEPPES CITRUS LATA 350 ML 12X350 ML;40,00;7,00;0,25;;250,83;1.003,33;8.984,32;;;;;;;;;;;;;;;;;;;;;;;;;;;;;
;;* Total Categoria :009 350 ML LATA;1.286,50;521,00;19,29;69,58;4.056,33;210,28;127.275,33;;;;;;;;;;;;;;;;;;;;;;;;;;;;;
85;PC;H2OH LIMAO PET 500 ML 12X500 ML;56,00;26,00;0,96;;83,83;87,32;3.103,98;;;;;;;;;;;;;;;;;;;;;;;;;;;;;
1187;DZ;H2OH LIMONETO PET 500 ML 12X500 ML;36,00;14,00;0,51;;22,00;43,13;823,57;;;;;;;;;;;;;;;;;;;;;;;;;;;;;
;;* Total Categoria :010 500 ML (PET);92,00;40,00;1,48;;105,83;71,50;3.927,56;;;;;;;;;;;;;;;;;;;;;;;;;;;;;
81;PC;GUARANA ANTARCTICA PET 600 ML  12X600 ML;;27,00;1,00;;-27,00;;;;;;;;;;;;;;;;;;;;;;;;;;;;;;;
84;PC;PEPSI COLA PET 600 ML 12X600 ML;;1,00;0,03;;-1,00;;;;;;;;;;;;;;;;;;;;;;;;;;;;;;;
86;DZ;COCA COLA PET 600 ML 12X600 ML;225,00;28,00;1,03;1,00;1.076,75;1.045,38;52.310,79;;;;;;;;;;;;;;;;;;;;;;;;;;;;;
5550;PC;FANTA LARANJA PET 600 ML 6X600 ML;20,00;3,00;0,11;;190,00;1.727,27;4.517,96;;;;;;;;;;;;;;;;;;;;;;;;;;;;;
5551;PC;FANTA UVA PET 600 ML 6X600 ML;20,00;4,00;0,14;;63,00;450,00;1.480,89;;;;;;;;;;;;;;;;;;;;;;;;;;;;;
5556;PC;COCA COLA ZERO PET 600 ML 6X600 ML;80,00;18,00;0,66;1,00;583,00;883,33;15.627,85;;;;;;;;;;;;;;;;;;;;;;;;;;;;;
5558;PC;SPRITE PET 600 ML 6X600 ML;12,00;4,00;0,14;;96,00;685,71;2.296,03;;;;;;;;;;;;;;;;;;;;;;;;;;;;;
;;* Total Categoria :011 600 ML (PET);357,00;85,00;3,14;2,00;1.980,75;630,81;77.142,87;;;;;;;;;;;;;;;;;;;;;;;;;;;;;
5450;PC;COCA COLA PET 1 LT 6X1000 ML;30,00;;;;104,00;630,81;;;;;;;;;;;;;;;;;;;;;;;;;;;;;;
;;* Total Categoria :012 1000 ML (PET);30,00;;;;104,00;;;;;;;;;;;;;;;;;;;;;;;;;;;;;;;
102;PC;PEPSI COLA PET 2 LT 6X2000 ML;5,00;;;;5,00;;;;;;;;;;;;;;;;;;;;;;;;;;;;;;;
105;PC;SODA LIM ANTARCTICA PET 2 LT 6X2000 ML;;2,00;0,07;;-2,00;;;;;;;;;;;;;;;;;;;;;;;;;;;;;;;
108;PC;SUKITA LARANJA PET 2 LT 6X2000 ML;;3,00;0,11;;-3,00;;;;;;;;;;;;;;;;;;;;;;;;;;;;;;;
109;PC;GUARANA ANTARCTICA PET 2 LT 6X2000 ML;;39,66;1,46;5,00;140,75;96,40;5.752,29;;;;;;;;;;;;;;;;;;;;;;;;;;;;;
6140;PC;GAROTO ZAPTUBA GUARANA PET 2LT 6X2000 ML;200,00;87,00;3,22;;732,83;227,58;14.419,15;;;;;;;;;;;;;;;;;;;;;;;;;;;;;
103;PC;COCA COLA PET 2 LT 6X2000 ML;907,00;255,33;9,45;22,00;3.828,64;405,14;203.000,65;;;;;;;;;;;;;;;;;;;;;;;;;;;;;
5650;PC;FANTA LARANJA PET 2 LT 6X2000 ML;20,00;6,00;0,22;1,00;225,14;1.023,35;9.840,24;;;;;;;;;;;;;;;;;;;;;;;;;;;;;
5651;PC;FANTA UVA PET 2 LT 6X2000 ML;;2,00;0,07;;88,17;1.259,52;3.903,96;;;;;;;;;;;;;;;;;;;;;;;;;;;;;
5656;PC;COCA COLA ZERO PET 2LT 6X2000 ML;50,00;4,33;0,16;;106,67;666,66;5.880,06;;;;;;;;;;;;;;;;;;;;;;;;;;;;;
5658;PC;SPRITE PET 2 LT 6X2000 ML;30,00;9,00;0,33;;251,75;762,87;11.153,36;;;;;;;;;;;;;;;;;;;;;;;;;;;;;
6125;PC;GAROTO FRAMBOESA PET 2 LT 6X2000 ML;600,00;417,00;15,44;9,00;162,00;10,49;3.541,30;;;;;;;;;;;;;;;;;;;;;;;;;;;;;
6126;PC;GAROTO GUARANA PET 2 LT 6X2000 ML;;170,00;6,29;5,00;128,00;20,34;2.798,08;;;;;;;;;;;;;;;;;;;;;;;;;;;;;
6127;PC;GAROTO ABACAXI PET 2 LT 6X2000 ML;;263,00;9,74;9,00;93,06;9,55;2.021,85;;;;;;;;;;;;;;;;;;;;;;;;;;;;;
6128;PC;GAROTO LARANJA PET 2 LT 6X2000 ML;200,00;199,00;7,37;5,00;484,33;65,71;10.456,18;;;;;;;;;;;;;;;;;;;;;;;;;;;;;
6129;PC;GAROTO LIMAO PET 2 LT 6X2000 ML;;150,00;5,55;5,00;114,50;20,63;2.404,76;;;;;;;;;;;;;;;;;;;;;;;;;;;;;
6130;PC;GAROTO TUBAINA PET 2 LT 6X2000 ML;300,00;272,00;10,07;5,00;609,17;60,49;13.117,81;;;;;;;;;;;;;;;;;;;;;;;;;;;;;
6131;PC;GAROTO COLA PET 2 LT 6X2000 ML;100,00;226,00;8,37;5,00;401,00;47,90;8.533,34;;;;;;;;;;;;;;;;;;;;;;;;;;;;;
6132;PC;GAROTO UVA PET 2 LT 6X2000 ML;400,00;437,00;16,18;6,00;794,00;49,07;17.179,59;;;;;;;;;;;;;;;;;;;;;;;;;;;;;
;;* Total Categoria :014 2 LTS (PET);2.812,00;2.542,33;94,16;77,00;8.160,00;86,66;314.023,36;;;;;;;;;;;;;;;;;;;;;;;;;;;;;
5070;CX;COCA COLA 250 ML VIDRO CX C/6;4,00;;;;39,00;86,66;;;;;;;;;;;;;;;;;;;;;;;;;;;;;;
5071;CX;COCA COLA ZERO 250 ML VIDRO CX C/6;1,00;;;;13,50;;;;;;;;;;;;;;;;;;;;;;;;;;;;;;;
;;* Total Categoria :018 250 ML VIDRO (SR);5,00;;;;52,50;;;;;;;;;;;;;;;;;;;;;;;;;;;;;;;
;;* Total GRUPO :003 REFRIGERANTES;8.028,50;6.807,33;252,12;237,58;22.707,22;90,06;743.839,13;;;;;;;;;;;;;;;;;;;;;;;;;;;;;
2141;CX;AGUA AQUALIFE COPO 200ML SG 48X200 ML;;15,00;0,55;;256,00;465,45;7.241,48;;;;;;;;;;;;;;;;;;;;;;;;;;;;;
;;* Total Categoria :001 200 ML (COPO);;15,00;0,55;;256,00;465,45;7.241,48;;;;;;;;;;;;;;;;;;;;;;;;;;;;;
5173;PC;AGUA MIN CRISTAL AZUL S/GAS 12X510 ML;750,00;2.929,83;108,51;81,00;5.412,53;49,88;47.764,64;;;;;;;;;;;;;;;;;;;;;;;;;;;;;
5184;PC;AGUA GAROTO COM GAS 500 ML 12X500 ML;;32,00;1,18;;595,00;504,23;5.295,50;;;;;;;;;;;;;;;;;;;;;;;;;;;;;
5193;PC;AGUA M IMPERIO AZUL S/G 510 ML 12X510 ML;308,00;47,00;1,74;;3.159,00;1.815,51;26.219,70;;;;;;;;;;;;;;;;;;;;;;;;;;;;;
5194;PC;AGUA M IMPERIO AZUL C/G 510 ML 12X510 ML;;14,00;0,51;;1.990,00;3.901,96;20.298,00;;;;;;;;;;;;;;;;;;;;;;;;;;;;;
6180;PC;AGUA CRYSTAL S/GAS 500 ML 12X500 ML;20,00;;;;20,00;;;;;;;;;;;;;;;;;;;;;;;;;;;;;;;
;;* Total Categoria :007 510 ML S/GAS (PET);1.078,00;3.022,83;111,95;81,00;11.176,53;99,83;99.577,84;;;;;;;;;;;;;;;;;;;;;;;;;;;;;
5174;PC;AGUA MIN CRISTAL AZUL C/GAS 12X510 ML;600,00;1.142,00;42,29;23,00;3.649,65;86,30;37.937,36;;;;;;;;;;;;;;;;;;;;;;;;;;;;;
6185;PC;AGUA CRYSTAL 500 ML COM GAS 12X500 ML;5,00;;;;5,00;;;;;;;;;;;;;;;;;;;;;;;;;;;;;;;
;;* Total Categoria :008 510 ML C/GAS (PET);605,00;1.142,00;42,29;23,00;3.654,65;86,41;37.937,36;;;;;;;;;;;;;;;;;;;;;;;;;;;;;
5177;PC;AGUA CRISTAL AZUL S/GAS 1,5 LT 6X1,5 LT;200,00;11,00;0,40;;940,00;2.350,00;8.601,17;;;;;;;;;;;;;;;;;;;;;;;;;;;;;
;;* Total Categoria :011 1,5 LT S/GAS (PET);200,00;11,00;0,40;;940,00;2.350,00;8.601,17;;;;;;;;;;;;;;;;;;;;;;;;;;;;;
5178;PC;AGUA CRISTAL AZUL C/GAS 1,5 LT 6X1,5 LT;;5,00;0,18;;214,67;1.192,59;2.214,50;;;;;;;;;;;;;;;;;;;;;;;;;;;;;
;;* Total Categoria :012 1,5 LT C/GAS (PET);;5,00;0,18;;214,67;1.192,59;2.214,50;;;;;;;;;;;;;;;;;;;;;;;;;;;;;
5175;UN;AGUA CRISTAL AZUL 20 L MINERAL 20 LT;50,00;;;;748,00;1.192,59;;;;;;;;;;;;;;;;;;;;;;;;;;;;;;
;;* Total Categoria :015 20 LTS (GALAO);50,00;;;;748,00;;;;;;;;;;;;;;;;;;;;;;;;;;;;;;;
;;* Total GRUPO :004 AGUA MINERAL;1.933,00;4.195,83;155,40;104,00;16.989,85;109,32;155.572,36;;;;;;;;;;;;;;;;;;;;;;;;;;;;;
283;LT;VELHO BARREIRO LIMAO 910 ML 910 ML;;1,00;0,03;;1.099,00;36.633,33;17.040,02;;;;;;;;;;;;;;;;;;;;;;;;;;;;;
301;LT;CANINHA JAMEL 965 ML 965 ML;16.345,00;6.388,00;236,59;985,00;9.742,00;41,17;48.781,94;;;;;;;;;;;;;;;;;;;;;;;;;;;;;
444;UN;JAMEL OURO 900 ML 900 ML;360,00;216,00;8,00;24,00;992,00;124,00;6.258,54;;;;;;;;;;;;;;;;;;;;;;;;;;;;;
464;DZ;CANINHA CAMELINHO 500 ML 12X500 ML;849,00;390,00;14,44;22,00;1.237,00;85,66;36.819,47;;;;;;;;;;;;;;;;;;;;;;;;;;;;;
1301;DZ;CANINHA JAMEL PET 12X910 ML 12X910 ML;;4,00;0,14;;-4,00;;;;;;;;;;;;;;;;;;;;;;;;;;;;;;;
1444;LT;JAMEL OURO ENC 900 ML 900 ML;;276,00;10,22;;-276,00;;;;;;;;;;;;;;;;;;;;;;;;;;;;;;;
1446;LT;JAMEL COM MEL ONE WAY 900 ML;;2,00;0,07;;-2,00;;;;;;;;;;;;;;;;;;;;;;;;;;;;;;;
2301;LT;CANINHA JAMEL ENC PL 965 ML 965 ML;;1.826,00;67,62;300,00;-2.129,00;;;;;;;;;;;;;;;;;;;;;;;;;;;;;;;
280;LT;VELHO BARREIRO 910 ML 910 ML;27.360,00;687,00;25,44;;41.948,00;1.648,89;451.395,04;;;;;;;;;;;;;;;;;;;;;;;;;;;;;
1280;LT;VELHO BARREIRO ENC PL 910 ML 910 ML;;216,00;8,00;;-216,00;;;;;;;;;;;;;;;;;;;;;;;;;;;;;;;
1283;LT;VELHO BARREIR LIMAO ENC 910 ML 910 ML;;24,00;0,88;;-24,00;;;;;;;;;;;;;;;;;;;;;;;;;;;;;;;
650;PC;CAMELOTE DE LIMAO 12X490 ML 12X490 ML;;1,00;0,03;1,00;-2,00;;;;;;;;;;;;;;;;;;;;;;;;;;;;;;;
651;PC;CAMELOTE F VERMELHAS 12X490 ML 12X490 ML;;1,00;0,03;1,00;-2,00;;;;;;;;;;;;;;;;;;;;;;;;;;;;;;;
652;PC;CAMELOTE 12X490 ML;;;;1,00;-1,00;;;;;;;;;;;;;;;;;;;;;;;;;;;;;;;
282;LT;VELHO BARREIRO GOLD 910 ML 910 ML;;6,00;0,22;;-6,00;;;;;;;;;;;;;;;;;;;;;;;;;;;;;;;
1282;LT;VELHO BARREIRO GOLD ENC 910 ML 910 ML;;3,00;0,11;;-3,00;;;;;;;;;;;;;;;;;;;;;;;;;;;;;;;
343;LT;CANINHA 51 965 ML;;70,00;2,59;;6.186,00;2.388,41;38.171,86;;;;;;;;;;;;;;;;;;;;;;;;;;;;;
1291;UN;CACHACA CABARE OURO 700 ML 700 ML;;12,00;0,44;;311,00;706,81;2.190,24;;;;;;;;;;;;;;;;;;;;;;;;;;;;;
1343;L;CANINHA 51 ENCASCADA 965 ML 965 ML;;55,00;2,03;;3.187,00;1.569,95;24.821,52;;;;;;;;;;;;;;;;;;;;;;;;;;;;;
;;* Total Categoria :001 CANINHAS;44.914,00;10.178,00;376,96;1.334,00;62.037,00;164,57;602.325,82;;;;;;;;;;;;;;;;;;;;;;;;;;;;;
354;LT;WHISKY PASSPORT 1 LT 1000 ML;;33,00;1,22;;2.103,00;1.723,77;86.941,15;;;;;;;;;;;;;;;;;;;;;;;;;;;;;
351;LT;WHISKY DRURYS 900 ML 900 ML;;194,00;7,18;;4.052,00;564,34;78.799,03;;;;;;;;;;;;;;;;;;;;;;;;;;;;;
352;LT;WHISKY NATU NOBILIS 1 LT 1000 ML;1.200,00;28,00;1,03;;1.953,00;1.896,11;59.287,66;;;;;;;;;;;;;;;;;;;;;;;;;;;;;
380;L;WHISKY WHITE HORSE 1 LT 1000 ML;1,00;1,00;0,03;;264,00;8.800,00;17.496,65;;;;;;;;;;;;;;;;;;;;;;;;;;;;;
362;LT;WHISKY IMP JACK DANIELS 1 LT 1000 ML;12,00;5,00;0,18;;197,00;1.094,44;23.245,02;;;;;;;;;;;;;;;;;;;;;;;;;;;;;
;;* Total Categoria :003 WHISKYS;1.213,00;261,00;9,66;;8.569,00;887,06;265.769,54;;;;;;;;;;;;;;;;;;;;;;;;;;;;;
321;LT;VODKA RAYSKA 1 LT 1000 ML;;4,00;0,14;;273,00;1.950,00;3.903,90;;;;;;;;;;;;;;;;;;;;;;;;;;;;;
895;L;LONDON DRYGIN BOMBARDIER 1 L 1000 ML;;4,00;0,14;;53,00;378,57;1.383,77;;;;;;;;;;;;;;;;;;;;;;;;;;;;;
323;DZ;SMIRNOFF ICE 275 ML 12X275 ML;;1,00;0,03;;175,50;5.850,00;11.780,16;;;;;;;;;;;;;;;;;;;;;;;;;;;;;
787;L;VODKA SMIRNOFF 998 ML 998 ML;1,00;18,00;0,66;;433,00;656,06;13.622,54;;;;;;;;;;;;;;;;;;;;;;;;;;;;;
888;L;VODKA INTENCION 900 ML 900 ML;216,00;;;;350,00;;;;;;;;;;;;;;;;;;;;;;;;;;;;;;;
;;* Total Categoria :005 VODKAS;217,00;27,00;1,00;;1.284,50;1.284,50;30.690,38;;;;;;;;;;;;;;;;;;;;;;;;;;;;;
341;LT;CONHAQUE DREHER 900 ML 900 ML;;144,00;5,33;7,00;2.849,00;534,52;49.911,04;;;;;;;;;;;;;;;;;;;;;;;;;;;;;
350;LT;CONHAQUE SAO JOAO BARRA 900 ML 900 ML;;14,00;0,51;;553,00;1.084,31;10.617,47;;;;;;;;;;;;;;;;;;;;;;;;;;;;;
342;LT;CONHAQUE PRESIDENTE 970 ML 970 ML;;31,00;1,14;;483,00;423,68;5.783,19;;;;;;;;;;;;;;;;;;;;;;;;;;;;;
;;* Total Categoria :007 CONHAQUES;;189,00;7,00;7,00;3.885,00;555,00;66.311,71;;;;;;;;;;;;;;;;;;;;;;;;;;;;;
1232;UN;B MISTA CORDIAL TINTO SECO 2LT 2000 ML;;149,00;5,51;54,00;-197,00;;;;;;;;;;;;;;;;;;;;;;;;;;;;;;;
1233;UN;B MISTA CORDIAL TINTO SUAVE 2L 2000 ML;;224,00;8,29;54,00;-273,00;;;;;;;;;;;;;;;;;;;;;;;;;;;;;;;
1234;UN;B M CORDIAL BRANCO SUAVE 2 LTS 2000 ML;;18,00;0,66;12,00;1.563,00;2.368,18;10.045,21;;;;;;;;;;;;;;;;;;;;;;;;;;;;;
1235;UN;B M CORDIAL BRANCO SECO 2 LTS  2000 ML;;54,00;2,00;12,00;1.405,00;702,50;9.049,16;;;;;;;;;;;;;;;;;;;;;;;;;;;;;
1262;UN;V TINTO SECO CORDEAL AGRICOLA  2000 ML;;13,00;0,48;;45,00;93,75;574,81;;;;;;;;;;;;;;;;;;;;;;;;;;;;;
1263;UN;V TINTO SUAVE CORDEAL AGRICOLA 2000 ML;;4,00;0,14;;189,00;1.350,00;1.945,36;;;;;;;;;;;;;;;;;;;;;;;;;;;;;
1239;LT;VINHO BRANCO JURUPINGA DINALLE 975 ML;;;;1,00;23,00;;;;;;;;;;;;;;;;;;;;;;;;;;;;;;;
1241;UN;CANTINHO BEB M TINTO SUAVE 2LT 2000 ML;;6,00;0,22;;126,00;572,72;819,00;;;;;;;;;;;;;;;;;;;;;;;;;;;;;
;;* Total Categoria :009 VINHOS;;468,00;17,33;133,00;2.881,00;166,24;22.880,19;;;;;;;;;;;;;;;;;;;;;;;;;;;;;
606;PC;CACHACA REALENSE BRANCA 2 LT 6X2000 ML;30,00;20,00;0,74;2,00;164,67;222,52;6.580,65;;;;;;;;;;;;;;;;;;;;;;;;;;;;;
607;PC;CACHACA REALENSE AMARELO 2 LT  6X2000 ML;30,00;18,00;0,66;1,00;178,72;270,79;7.114,01;;;;;;;;;;;;;;;;;;;;;;;;;;;;;
408;L;COCKTAIL BLATTER LEAO 900 ML 900 ML;;14,00;0,51;;90,00;176,47;974,47;;;;;;;;;;;;;;;;;;;;;;;;;;;;;
410;L;COCKTAIL CANELA LEAO 880 ML 880 ML;;24,00;0,88;;374,00;425,00;2.985,59;;;;;;;;;;;;;;;;;;;;;;;;;;;;;
411;L;COCKTAIL MENTA LEAO 880 ML 880 ML;;9,00;0,33;;357,00;1.081,81;2.956,42;;;;;;;;;;;;;;;;;;;;;;;;;;;;;
413;L;COCKTAIL AMENDOIM LEAO 880 ML  880 ML;;30,00;1,11;6,00;24,00;21,62;255,20;;;;;;;;;;;;;;;;;;;;;;;;;;;;;
416;L;COCKTAIL JURUBEBA LEAO 900 ML  900 ML;;12,00;0,44;;381,00;865,90;3.228,48;;;;;;;;;;;;;;;;;;;;;;;;;;;;;
406;L;COCKTAIL CATUABA LEAO 880 ML 880 ML;;48,00;1,77;2,00;944,00;533,33;9.805,37;;;;;;;;;;;;;;;;;;;;;;;;;;;;;
407;L;COCKTAIL PALADAR LEAO 880 ML 880 ML;;45,00;1,66;6,00;3.849,00;2.318,67;29.472,82;;;;;;;;;;;;;;;;;;;;;;;;;;;;;
414;L;COCKTAIL COCO LEAO 880 ML 880 ML;;9,00;0,33;;50,00;151,51;523,10;;;;;;;;;;;;;;;;;;;;;;;;;;;;;
415;L;COCK RAIZ AMARGA LEAO 900 ML 900 ML;;57,00;2,11;12,00;1.569,00;743,60;16.283,59;;;;;;;;;;;;;;;;;;;;;;;;;;;;;
451;L;MARULA MAGNANI 880 ML 880 ML;;29,00;1,07;;164,00;153,27;2.293,35;;;;;;;;;;;;;;;;;;;;;;;;;;;;;
;;* Total Categoria :011 BEBIDAS LEAO;60,00;315,00;11,66;29,00;8.145,39;698,57;82.473,12;;;;;;;;;;;;;;;;;;;;;;;;;;;;;
1407;UN;MEL E PEQUI 900 ML;1,00;63,00;2,33;;2.384,00;1.023,17;23.909,13;;;;;;;;;;;;;;;;;;;;;;;;;;;;;
1408;UN;DAROCHA CANELA PARATUDO 900 ML 900 ML;;12,00;0,44;;614,00;1.395,45;6.055,96;;;;;;;;;;;;;;;;;;;;;;;;;;;;;
1415;UN;RAIZ AMARGA PARATUDO 900 ML 900 ML;;85,00;3,14;;2.977,00;948,08;36.746,94;;;;;;;;;;;;;;;;;;;;;;;;;;;;;
1418;PC;CATUABOM PARATUDO PET 900 ML 6X900 ML;;14,00;0,51;;847,83;1.662,41;30.603,99;;;;;;;;;;;;;;;;;;;;;;;;;;;;;
1432;UN;CAC SEG D CHACARA PRATA 900 ML 900 ML;;24,00;0,88;;227,00;257,95;3.242,45;;;;;;;;;;;;;;;;;;;;;;;;;;;;;
1433;UN;CACH SEG DA CHACARA OURO 900ML 900 ML;;24,00;0,88;;420,00;477,27;5.419,08;;;;;;;;;;;;;;;;;;;;;;;;;;;;;
1528;UN;TEQUILA TEQPAR SILVER 1 LT 1000 ML;;2,00;0,07;;132,00;1.885,71;2.154,19;;;;;;;;;;;;;;;;;;;;;;;;;;;;;
;;* Total Categoria :013 PARATUDO;1,00;224,00;8,29;;7.601,83;916,98;108.131,77;;;;;;;;;;;;;;;;;;;;;;;;;;;;;
325;DZ;ASKOV ICE LIMAO 275 ML 12X275 ML;;27,00;1,00;2,00;-17,00;;;;;;;;;;;;;;;;;;;;;;;;;;;;;;;
374;LT;VODKA ASKOV 900 ML 900 ML;;155,00;5,74;24,00;-179,00;;;;;;;;;;;;;;;;;;;;;;;;;;;;;;;
419;L;FERNET AMARGO 900 ML 900 ML;;2,00;0,07;;-2,00;;;;;;;;;;;;;;;;;;;;;;;;;;;;;;;
433;L;RAIZ AMARGA ASTECA 900 ML 900 ML;;6,00;0,22;;29,00;131,81;258,70;;;;;;;;;;;;;;;;;;;;;;;;;;;;;
436;L;JURUBEBA ASTECA 900 ML 900 ML;;;;4,00;72,00;;;;;;;;;;;;;;;;;;;;;;;;;;;;;;;
1327;DZ;ICE ASKOV F VERMELHAS 275 ML 12X275 ML;;4,00;0,14;;1,50;10,71;62,38;;;;;;;;;;;;;;;;;;;;;;;;;;;;;
1329;DZ;ICE ASKOV BLUEBERRY 275 ML 12X275 ML;;;;2,00;51,00;;;;;;;;;;;;;;;;;;;;;;;;;;;;;;;
1372;LT;COQ ASKOV F VERMELHAS 900 ML 900 ML;;28,00;1,03;7,00;-35,00;;;;;;;;;;;;;;;;;;;;;;;;;;;;;;;
1374;LT;COQ ASKOV KIWI 900 ML 900 ML;;24,00;0,88;;36,00;40,90;359,71;;;;;;;;;;;;;;;;;;;;;;;;;;;;;
1375;LT;COQ ASKOV LIMAO 900 ML 900 ML;;16,00;0,59;6,00;-22,00;;;;;;;;;;;;;;;;;;;;;;;;;;;;;;;
1376;LT;COQ ASKOV FRUTAS ROXAS 900 ML  900 ML;;6,00;0,22;;53,00;240,90;528,41;;;;;;;;;;;;;;;;;;;;;;;;;;;;;
1381;LT;COQ ASKOV BLUE BERRY 900 ML 900 ML;;16,00;0,59;;-16,00;;;;;;;;;;;;;;;;;;;;;;;;;;;;;;;
;;* Total Categoria :015 BEBIDAS ASTECA;;284,00;10,51;45,00;-28,50;2,71;1.610,27;;;;;;;;;;;;;;;;;;;;;;;;;;;;;
2362;LT;AMARGO JAGERMESITER 700 ML 700 ML;;4,00;0,14;;123,00;878,57;12.287,70;;;;;;;;;;;;;;;;;;;;;;;;;;;;;
386;UN;LICOR 43 ORIGINAL 700 ML 700 ML;;1,00;0,03;;9,00;300,00;1.053,66;;;;;;;;;;;;;;;;;;;;;;;;;;;;;
501;UN;STEINHAEGER DOBLE W 900 ML 900 ML;;19,00;0,70;;2.592,00;3.702,85;38.893,89;;;;;;;;;;;;;;;;;;;;;;;;;;;;;
2361;LT;BRASILBERG AMARGO 920 ML 920 ML;;18,00;0,66;;254,00;384,84;10.824,89;;;;;;;;;;;;;;;;;;;;;;;;;;;;;
327;LT;AMARGO BITTER AGUIA 900 ML 900 ML;;85,00;3,14;;1.325,00;421,97;26.955,03;;;;;;;;;;;;;;;;;;;;;;;;;;;;;
330;LT;CAMPARI BITTER 998 ML 998 ML;;121,00;4,48;2,00;544,00;121,42;26.007,81;;;;;;;;;;;;;;;;;;;;;;;;;;;;;
334;UN;APEROL 750 ML 750 ML;36,00;;;;125,00;;;;;;;;;;;;;;;;;;;;;;;;;;;;;;;
;;* Total Categoria :017 B.AMARGAS;36,00;248,00;9,18;2,00;4.972,00;541,61;116.022,99;;;;;;;;;;;;;;;;;;;;;;;;;;;;;
359;LT;VERMOUTH MARTINI BIANCO 750 ML 750 ML;36,00;2,00;0,07;;52,00;742,85;1.953,46;;;;;;;;;;;;;;;;;;;;;;;;;;;;;
1238;LT;AMARULA 750 ML 750 ML;;3,00;0,11;;35,00;318,18;3.328,01;;;;;;;;;;;;;;;;;;;;;;;;;;;;;
1358;LT;BACARDI CARTA BLANCA 700 ML 700 ML;;2,00;0,07;;45,00;642,85;1.677,15;;;;;;;;;;;;;;;;;;;;;;;;;;;;;
1362;LT;BACARDI OURO 980 ML 980 ML;;3,00;0,11;;84,00;763,63;2.913,96;;;;;;;;;;;;;;;;;;;;;;;;;;;;;
;;* Total Categoria :019 B. DOCES;36,00;10,00;0,37;;216,00;583,78;9.872,59;;;;;;;;;;;;;;;;;;;;;;;;;;;;;
;;* Total GRUPO :005 BEBIDAS QUENTES;46.477,00;12.204,00;452,00;1.550,00;99.563,22;220,27;1.299.049,13;;;;;;;;;;;;;;;;;;;;;;;;;;;;;
193;CX;AGUA DE COCO DUCOCO 200 ML 27X200 ML;20,00;;;;20,00;220,27;;;;;;;;;;;;;;;;;;;;;;;;;;;;;;
196;CX;AGUA DE COCO PURO COCO 180ML 27x180 ML;;2,00;0,07;;54,00;771,42;3.784,48;;;;;;;;;;;;;;;;;;;;;;;;;;;;;
;;* Total Categoria :001 SUCO 200 ML;20,00;2,00;0,07;;74,00;1.057,14;3.784,48;;;;;;;;;;;;;;;;;;;;;;;;;;;;;
5815;PC;DEL VALLE UVA LIGHT 290 ML 6X290 ML;10,00;4,00;0,14;;141,00;1.007,14;2.488,74;;;;;;;;;;;;;;;;;;;;;;;;;;;;;
5816;PC;DEL VALLE PESSEGO LIGHT 290 ML 6X290 ML;20,00;4,00;0,14;;210,00;1.500,00;3.769,55;;;;;;;;;;;;;;;;;;;;;;;;;;;;;
5817;PC;DEL VALLE MARACUJA 290 ML 6X290 ML;10,00;4,00;0,14;;68,00;485,71;1.271,81;;;;;;;;;;;;;;;;;;;;;;;;;;;;;
5818;PC;DEL VALLE MANGA 290 ML 6X290 ML;10,00;;;;88,00;;;;;;;;;;;;;;;;;;;;;;;;;;;;;;;
;;* Total Categoria :003 SUCO 300 ML;50,00;12,00;0,44;;507,00;1.152,27;7.530,11;;;;;;;;;;;;;;;;;;;;;;;;;;;;;
254;CX;TIKITO ABACAXI HORTELA 12X450M 12X450 ML;10,00;;;;75,00;1.152,27;;;;;;;;;;;;;;;;;;;;;;;;;;;;;;
255;CX;TIKITO LARANJA 12X450 ML 12X450 ML;100,00;1,00;0,03;;433,00;14.433,33;6.495,00;;;;;;;;;;;;;;;;;;;;;;;;;;;;;
256;CX;TIKITO LIMONADA 12X450 ML 12X450 ML;15,00;;;;70,00;;;;;;;;;;;;;;;;;;;;;;;;;;;;;;;
257;CX;TIKITO MARACUJA 12X450 ML 12X450 ML;5,00;;;;64,00;;;;;;;;;;;;;;;;;;;;;;;;;;;;;;;
258;CX;TIKITO MORANGO 12X450 ML 12X450 ML;15,00;;;;72,00;;;;;;;;;;;;;;;;;;;;;;;;;;;;;;;
259;CX;TIKITO PESSEGO 12X450 ML 12X450 ML;10,00;;;;68,00;;;;;;;;;;;;;;;;;;;;;;;;;;;;;;;
260;PC;TIKITO UVA 12X450 ML 12X450 ML;20,00;;;;76,00;;;;;;;;;;;;;;;;;;;;;;;;;;;;;;;
161;DZ;TAMPICO FRUTAS CITRICAS 450 ML 12X450 ML;;7,00;0,25;;763,00;3.052,00;26.679,72;;;;;;;;;;;;;;;;;;;;;;;;;;;;;
;;* Total Categoria :005 SUCO 450 ML;175,00;8,00;0,29;;1.621,00;5.589,65;33.174,72;;;;;;;;;;;;;;;;;;;;;;;;;;;;;
242;PC;LEGGER CITRUS 12X520 ML 12X520 ML;10,00;;;;27,00;5.589,65;;;;;;;;;;;;;;;;;;;;;;;;;;;;;;
245;PC;LEGGER ACAI 12X520 ML 12X520 ML;5,00;;;;39,00;;;;;;;;;;;;;;;;;;;;;;;;;;;;;;;
246;PC;LEGGER GUARANA 12X520 ML 12X520 ML;5,00;;;;5,00;;;;;;;;;;;;;;;;;;;;;;;;;;;;;;;
;;* Total Categoria :006 SUCO 500 ML;20,00;;;;71,00;;;;;;;;;;;;;;;;;;;;;;;;;;;;;;;
542;LT;AGUA COCO REFRESH 1 LT 1000 ML;;4,00;0,14;;191,00;1.364,28;1.197,55;;;;;;;;;;;;;;;;;;;;;;;;;;;;;
5930;CX;SUCO UVA MAGUARY TP 1 LT 12X1000 ML;;0,25;;;5,91;;389,89;;;;;;;;;;;;;;;;;;;;;;;;;;;;;
5933;CX;SUCO MORANGO MAGUARY TP 1 LT 12X1000 ML;;0,25;;;6,41;;414,19;;;;;;;;;;;;;;;;;;;;;;;;;;;;;
5934;CX;SUCO ABACAXI MAGUARY TP 1 LT 12X1000 ML;;0,25;;;4,49;;298,34;;;;;;;;;;;;;;;;;;;;;;;;;;;;;
5937;CX;SUCO MARACUJA MAGUARY TP 1 LT  12X1000 ML;;0,25;;;2,00;;133,22;;;;;;;;;;;;;;;;;;;;;;;;;;;;;
;;* Total Categoria :007 SUCO 1 LT;;5,00;0,18;;209,81;1.165,62;2.433,21;;;;;;;;;;;;;;;;;;;;;;;;;;;;;
144;CX;GATORADE UVA 500 ML 6X500 ML;;5,00;0,18;1,00;-6,00;;;;;;;;;;;;;;;;;;;;;;;;;;;;;;;
145;CX;GATORADE MARACUJA 500 ML 6X500 ML;16,00;3,00;0,11;1,00;12,00;109,09;286,56;;;;;;;;;;;;;;;;;;;;;;;;;;;;;
159;CX;GATORADE LARANJA 500 ML 6X500 ML;15,00;15,00;0,55;1,00;-1,00;;;;;;;;;;;;;;;;;;;;;;;;;;;;;;;
142;CX;GATORADE TANGERINA 500 ML 6X500 ML;16,00;10,00;0,37;;6,00;16,21;143,28;;;;;;;;;;;;;;;;;;;;;;;;;;;;;
143;CX;GATORADE BLUE BERRY 500 ML 6X500ML;16,00;6,00;0,22;1,00;9,00;40,90;214,92;;;;;;;;;;;;;;;;;;;;;;;;;;;;;
148;CX;GATORADE MORAN MARACUJA 500 ML 6X500 ML;15,00;15,00;0,55;1,00;-1,00;;;;;;;;;;;;;;;;;;;;;;;;;;;;;;;
179;CX;GATORADE FRUT CITRICAS 500 ML  6X500 ML;31,00;6,00;0,22;1,00;24,00;109,09;573,12;;;;;;;;;;;;;;;;;;;;;;;;;;;;;
;;* Total Categoria :015 ISOTONICO 500 ML;109,00;60,00;2,22;6,00;43,00;19,36;1.325,94;;;;;;;;;;;;;;;;;;;;;;;;;;;;;
2200;UN;BALY LATA 250 ML 250 ML;60,00;209,00;7,74;;616,00;79,58;2.055,15;;;;;;;;;;;;;;;;;;;;;;;;;;;;;
203;UN;RED BULL ENERGY DRINK 250 ML 250 ML;;674,00;24,96;24,00;-698,00;;;;;;;;;;;;;;;;;;;;;;;;;;;;;;;
205;UN;RED BULL TROPICAL 250 ML 250 ML;;6,00;0,22;;114,00;518,18;673,74;;;;;;;;;;;;;;;;;;;;;;;;;;;;;
206;UN;RED BULL SUGAR FREE 250 ML 250 ML;;12,00;0,44;;-12,00;;;;;;;;;;;;;;;;;;;;;;;;;;;;;;;
;;* Total Categoria :021 ENERGETICO 250 ML;60,00;901,00;33,37;24,00;20,00;0,59;3.202,15;;;;;;;;;;;;;;;;;;;;;;;;;;;;;
2202;PC;BALY LATAO 473 ML 6X473 ML;120,00;1,00;0,03;;723,67;24.122,22;2.918,44;;;;;;;;;;;;;;;;;;;;;;;;;;;;;
649;CX;MONSTER ENERGY LATAO 473 ML 6X473 ML;;9,00;0,33;1,00;-10,00;;;;;;;;;;;;;;;;;;;;;;;;;;;;;;;
1203;UN;RED BULL ENERGY DRINK 473 ML 473 ML;;48,00;1,77;;638,00;360,45;6.898,43;;;;;;;;;;;;;;;;;;;;;;;;;;;;;
1652;CX;MONSTER ABSOLUTELY ZERO LATAO  6X473 ML;;4,00;0,14;;32,00;228,57;1.267,20;;;;;;;;;;;;;;;;;;;;;;;;;;;;;
1653;CX;MONSTER JUICE MANGO LOCO LATAO 6X473 ML;3,00;5,00;0,18;;-2,00;;;;;;;;;;;;;;;;;;;;;;;;;;;;;;;
1662;CX;MONSTER ENERGY ZERO 473 ML 6X473 ML;10,00;;;;16,00;;;;;;;;;;;;;;;;;;;;;;;;;;;;;;;
;;* Total Categoria :022 ENERGETICO 500 ML;133,00;67,00;2,48;1,00;1.397,67;563,57;10.596,80;;;;;;;;;;;;;;;;;;;;;;;;;;;;;
2208;UN;BALY TRADICIONAL 2 LT 2000 ML;2.340,00;222,00;8,22;12,00;3.448,00;419,46;29.783,95;;;;;;;;;;;;;;;;;;;;;;;;;;;;;
2209;UN;BALY TRADICIONAL S/ACUCAR 2LT  2000 ML;120,00;28,00;1,03;;414,00;401,94;3.459,03;;;;;;;;;;;;;;;;;;;;;;;;;;;;;
2210;UN;BALY TROPICAL 2 LT 2000 ML;360,00;22,00;0,81;;518,00;639,50;4.598,04;;;;;;;;;;;;;;;;;;;;;;;;;;;;;
2212;UN;BALY MELANCIA 2 LT 2000 ML;120,00;34,00;1,25;;393,00;314,40;3.288,52;;;;;;;;;;;;;;;;;;;;;;;;;;;;;
2213;UN;BALY MACA VERDE 2 LT 2000 ML;240,00;46,00;1,70;6,00;642,00;377,64;5.427,05;;;;;;;;;;;;;;;;;;;;;;;;;;;;;
2214;UN;BALY COCO E ACAI 2 LT 2000 ML;480,00;14,00;0,51;;466,00;913,72;4.318,92;;;;;;;;;;;;;;;;;;;;;;;;;;;;;
2219;UN;BALY MORANGO E PESSEGO 2 LT 2000 ML;120,00;8,00;0,29;;308,00;1.062,06;2.610,88;;;;;;;;;;;;;;;;;;;;;;;;;;;;;
2222;UN;BALY ABACAXI HORTELA 2LT 2000 ML;120,00;3,00;0,11;;373,00;3.390,90;3.132,82;;;;;;;;;;;;;;;;;;;;;;;;;;;;;
;;* Total Categoria :025 ENERGETICO 2 LT;3.900,00;377,00;13,96;18,00;6.562,00;470,05;56.619,25;;;;;;;;;;;;;;;;;;;;;;;;;;;;;
381;CX;CHOCOMILK BATAVO VD 200 ML 24X200 ML;100,00;7,00;0,25;1,00;616,00;2.464,00;41.483,04;;;;;;;;;;;;;;;;;;;;;;;;;;;;;
;;* Total Categoria :030 ACHOCOLATADOS;100,00;7,00;0,25;1,00;616,00;2.464,00;41.483,04;;;;;;;;;;;;;;;;;;;;;;;;;;;;;
273;PC;COPO PLASTICO TRANSP 300 ML 100X300ML;;24,00;0,88;;-24,00;;;;;;;;;;;;;;;;;;;;;;;;;;;;;;;
1272;PC;COPO PLASTICO TRANSP 500 ML 50X500 ML;;25,00;0,92;;-17,00;;;;;;;;;;;;;;;;;;;;;;;;;;;;;;;
7010;CX;COPO AMERICANO SIMPLES 190 ML  24X190 ML;25,00;;;;277,00;;;;;;;;;;;;;;;;;;;;;;;;;;;;;;;
;;* Total Categoria :040 COPOS;25,00;49,00;1,81;;236,00;130,38;74,01;;;;;;;;;;;;;;;;;;;;;;;;;;;;;
490;UN;CARTAS P JOGAR PDR 139 AS 139 AS;;16,00;0,59;;986,00;1.671,18;32.031,60;;;;;;;;;;;;;;;;;;;;;;;;;;;;;
;;* Total Categoria :050 BARALHOS;;16,00;0,59;;986,00;1.671,18;32.031,60;;;;;;;;;;;;;;;;;;;;;;;;;;;;;
2401;UN;BATATA ONDUL NATURAL KIGOSTOSO 40 GR;200,00;28,00;1,03;;2.099,00;2.037,86;4.147,16;;;;;;;;;;;;;;;;;;;;;;;;;;;;;
2402;UN;BATATA ONDULADA GALETO KIGOSTO 40 GR;100,00;4,00;0,14;;813,00;5.807,14;1.575,75;;;;;;;;;;;;;;;;;;;;;;;;;;;;;
2403;UN;BATA ONDUL CEB/SALSA KIGOSTOSO 40 GR;;4,00;0,14;;1.098,00;7.842,85;2.141,63;;;;;;;;;;;;;;;;;;;;;;;;;;;;;
2404;UN;BATATA ONDUL CHURRAS KIGOSTOSO 40 GR;120,00;68,00;2,51;;1.187,00;472,90;2.331,29;;;;;;;;;;;;;;;;;;;;;;;;;;;;;
2405;UN;BATATA ONDUL COST LIMAO KIGOST 40 GR;;48,00;1,77;;212,00;119,77;346,62;;;;;;;;;;;;;;;;;;;;;;;;;;;;;
2420;UN;SALGADINHO BACON KIGOSTOSO 190 GR;100,00;;;;1.300,00;;;;;;;;;;;;;;;;;;;;;;;;;;;;;;;
2423;UN;S ARTILHE CEB/SALSA KIGOSTOSO  50 GR;;5,00;0,18;;768,00;4.266,66;766,97;;;;;;;;;;;;;;;;;;;;;;;;;;;;;
2425;UN;S ARTILH BACON KIGOSTOSO 50 GR 50 GR;60,00;;;;727,00;;;;;;;;;;;;;;;;;;;;;;;;;;;;;;;
2426;UN;S ARTILHE PIM MEXIC KIGOSTOSO  50 GR;;5,00;0,18;;524,00;2.911,11;515,47;;;;;;;;;;;;;;;;;;;;;;;;;;;;;
2427;UN;S ARTILHE CHURRASCO KIGOSTOSO  50 GR;60,00;10,00;0,37;;395,00;1.067,56;399,76;;;;;;;;;;;;;;;;;;;;;;;;;;;;;
2445;UN;S BACON TRAD KIGOSTOSO 55GR 55 GR;;10,00;0,37;;2.221,00;6.002,70;3.102,04;;;;;;;;;;;;;;;;;;;;;;;;;;;;;
2447;UN;S BACON CEB/SAL KIGOSTOSO 50G  50 GR;200,00;25,00;0,92;;1.780,00;1.934,78;2.730,30;;;;;;;;;;;;;;;;;;;;;;;;;;;;;
2448;UN;S B CHURRASCO KIGOSTOSO 50 GR  50 GR;;15,00;0,55;;-15,00;;;;;;;;;;;;;;;;;;;;;;;;;;;;;;;
2449;UN;S B COSTELINHA C/LIMAO KIGOSTO 55 GR;400,00;15,00;0,55;;385,00;700,00;425,42;;;;;;;;;;;;;;;;;;;;;;;;;;;;;
;;* Total Categoria :069 SALGADOS;1.240,00;237,00;8,77;;13.494,00;1.538,65;18.482,46;;;;;;;;;;;;;;;;;;;;;;;;;;;;;
751;CX;DOCE DE LEITE ILOLAY 400 GR 12X400 GR;5,00;;;;5,00;1.538,65;;;;;;;;;;;;;;;;;;;;;;;;;;;;;;
;;* Total Categoria :070 DOCES;5,00;;;;5,00;;;;;;;;;;;;;;;;;;;;;;;;;;;;;;;
8600;DZ;ALCOOL ARAUCARIA 1 LT 12X1000 ML;;6,00;0,22;;122,33;556,06;6.974,22;;;;;;;;;;;;;;;;;;;;;;;;;;;;;
;;* Total Categoria :080 HIGIENE;;6,00;0,22;;122,33;556,06;6.974,22;;;;;;;;;;;;;;;;;;;;;;;;;;;;;
2350;UN;CUP NOODLES GAL CAIPIRA 69 G 69 G;744,00;98,00;3,62;;1.088,00;300,55;4.269,64;;;;;;;;;;;;;;;;;;;;;;;;;;;;;
2351;UN;CUP NOODLES COST CHURRASC 68 G 68 G;192,00;35,00;1,29;;246,00;190,69;958,71;;;;;;;;;;;;;;;;;;;;;;;;;;;;;
2352;UN;CUP NOODL YAKISSOBA TRAD 70 G  70 G;96,00;5,00;0,18;;187,00;1.038,88;735,81;;;;;;;;;;;;;;;;;;;;;;;;;;;;;
2353;UN;CUP NOODL CARNE DEFUMADA 69 G  69 G;264,00;20,00;0,74;;538,00;727,02;2.129,64;;;;;;;;;;;;;;;;;;;;;;;;;;;;;
2354;UN;CUP NOODLES BOLONHESA 72 G 72 G;96,00;56,00;2,07;;330,00;159,42;1.307,87;;;;;;;;;;;;;;;;;;;;;;;;;;;;;
2355;UN;CUP NOODL LEG COM AZEITE 67 G  67 G;72,00;5,00;0,18;;148,00;822,22;585,68;;;;;;;;;;;;;;;;;;;;;;;;;;;;;
2356;UN;CUP NOODLES CHEDDAR 69 G 69 G;168,00;29,00;1,07;;266,00;248,59;994,10;;;;;;;;;;;;;;;;;;;;;;;;;;;;;
2357;UN;CUP NOODL FRANGO TERIYAKI 72 G 72 G;;5,00;0,18;;52,00;288,88;210,12;;;;;;;;;;;;;;;;;;;;;;;;;;;;;
2360;UN;CUP NOODLES GALINHA PICAN 68 G 68 GR;240,00;3,00;0,11;;258,00;2.345,45;923,28;;;;;;;;;;;;;;;;;;;;;;;;;;;;;
2363;UN;CUP NOODLES PARMEGIANA 68GR 68 GR;240,00;3,00;0,11;;237,00;2.154,54;922,35;;;;;;;;;;;;;;;;;;;;;;;;;;;;;
;;* Total Categoria :090 ALIMENTOS;2.112,00;259,00;9,59;;3.350,00;349,32;13.037,24;;;;;;;;;;;;;;;;;;;;;;;;;;;;;
6150;UN;CARVAO BEM BOM 3,5 KG 3,5 KG;;84,00;3,11;;-87,00;;;;;;;;;;;;;;;;;;;;;;;;;;;;;;;
6151;UN;CARVAO BEM BOM 5 KG 5 KG;;18,00;0,66;;-8,00;;;;;;;;;;;;;;;;;;;;;;;;;;;;;;;
6152;UN;CARVAO BEM BOM 7 KG 7 KG;;156,00;5,77;;-162,00;;;;;;;;;;;;;;;;;;;;;;;;;;;;;;;
;;* Total Categoria :110 CARVAO;;258,00;9,55;;-257,00;26,91;2.600,57;;;;;;;;;;;;;;;;;;;;;;;;;;;;;
15000;CX;PAP ALUMI NEW PACK 30CM X 4,0M C/12;;2,00;0,07;;13,50;192,85;381,80;;;;;;;;;;;;;;;;;;;;;;;;;;;;;
15002;CX;PAP ALUMI NEW PACK 45CM X 4M C\12;;4,66;0,17;;15,25;89,70;622,97;;;;;;;;;;;;;;;;;;;;;;;;;;;;;
15003;CX;PAP ALUMI NEW PACK 45CM X 7,5M C\12;;3,00;0,11;;24,25;220,45;1.190,83;;;;;;;;;;;;;;;;;;;;;;;;;;;;;
15101;CX;FILME PVC NEW PACK 28CM X 20M  C/25;;0,48;0,01;;11,30;1.130,08;615,78;;;;;;;;;;;;;;;;;;;;;;;;;;;;;
15201;CX;S PLAST P FREZZER NEW PACK 3KG 24X50 UN;;1,12;0,04;;12,79;319,79;774,81;;;;;;;;;;;;;;;;;;;;;;;;;;;;;
15202;CX;S PLAST P FREZZER NEW PACK 5KG 24X50 UN;;2,12;0,07;;-2,15;;;;;;;;;;;;;;;;;;;;;;;;;;;;;;;
15203;CX;S PLAST P FREZZER NEW PACK 7KG 24X50 UN;;2,00;0,07;;5,46;77,97;576,23;;;;;;;;;;;;;;;;;;;;;;;;;;;;;
15250;CX;PAPEL MANTEIGA NEW PACK 30X4 M C\25;;0,48;0,01;;10,08;1.008,00;590,79;;;;;;;;;;;;;;;;;;;;;;;;;;;;;
15502;CX;SAC DE LIXO ROLL NEW PACK 50LT 12X30 UN;;0,16;;;19,33;;2.235,57;;;;;;;;;;;;;;;;;;;;;;;;;;;;;
15503;CX;SAC DE LIXO ROL NEW PACK 100LT 12X15 UN;;2,08;0,07;;18,25;260,71;1.948,35;;;;;;;;;;;;;;;;;;;;;;;;;;;;;
15513;CX;SC L ROLL REFOR GIOPACK 100 L  12X15 UN;;2,00;0,07;;8,00;114,28;1.474,34;;;;;;;;;;;;;;;;;;;;;;;;;;;;;
15900;PT;TOALHAS D PAP FOL DUP GIOPACK  PCT C/2;;40,00;1,48;;670,00;452,70;2.662,48;;;;;;;;;;;;;;;;;;;;;;;;;;;;;
15911;CX;SACOLA BC LISA S GIOPACK 29X39 CX C/1000;;1,00;0,03;;27,00;900,00;714,11;;;;;;;;;;;;;;;;;;;;;;;;;;;;;
15921;CX;SACOLAS FORTE GIOPACK 38X48 CX C/1000;;1,00;0,03;;12,00;400,00;826,74;;;;;;;;;;;;;;;;;;;;;;;;;;;;;
15940;FD;SACOLA BC R SUPER FORTE 30X40  FARDO 5KG;;1,00;0,03;;13,00;433,33;760,50;;;;;;;;;;;;;;;;;;;;;;;;;;;;;
16753;CX;VELA GIOCA 7 N SRA APARECIDA 1X12 UN;;1,00;0,03;;7,67;255,55;712,89;;;;;;;;;;;;;;;;;;;;;;;;;;;;;
16774;CX;VELA GIOCA BRANCA N 02 24X8 UN;;1,00;0,03;;20,79;693,05;837,07;;;;;;;;;;;;;;;;;;;;;;;;;;;;;
16775;CX;VELA GIOCA BRANCA N 12 20X6;;1,00;0,03;;8,50;283,33;901,42;;;;;;;;;;;;;;;;;;;;;;;;;;;;;
16776;CX;VELA GIOCA BRANCA N 03 A 24X8 UN;;1,00;0,03;;35,92;1.197,22;2.223,96;;;;;;;;;;;;;;;;;;;;;;;;;;;;;
;;* Total Categoria :130 EMBALAGENS;;67,12;2,48;;930,94;375,38;19.867,24;;;;;;;;;;;;;;;;;;;;;;;;;;;;;
;;* Total GRUPO :006 DIVERSOS;7.949,00;2.331,12;86,33;50,00;29.988,76;347,37;240.216,58;;;;;;;;;;;;;;;;;;;;;;;;;;;;;
1100;DZ;SPOLLER PILSEN GARRAFA 600 ML  12X600 ML;168,33;279,00;10,33;6,50;792,88;76,75;23.974,96;;;;;;;;;;;;;;;;;;;;;;;;;;;;;
1101;DZ;SPOLLER MALZBIER GFA 600 ML 12X600 ML;254,00;186,00;6,88;4,00;843,83;122,65;31.410,07;;;;;;;;;;;;;;;;;;;;;;;;;;;;;
1106;DZ;COLINA BIER GARRAFA 600 ML 12X600 ML;42,00;;;;197,50;;;;;;;;;;;;;;;;;;;;;;;;;;;;;;;
;;* Total Categoria :002 600 (RET);464,33;465,00;17,22;10,50;1.834,21;106,51;55.385,03;;;;;;;;;;;;;;;;;;;;;;;;;;;;;
1018;LT;CHOPP PILSEN SPOLLER LT 1000 ML;;300,00;11,11;;-10,00;;;;;;;;;;;;;;;;;;;;;;;;;;;;;;;
;;* Total Categoria :009 CHOPP;;300,00;11,11;;-10,00;0,90;81,49;;;;;;;;;;;;;;;;;;;;;;;;;;;;;
1200;DZ;SPOLLER LATA 350 ML 12X350 ML;;553,00;20,48;28,00;701,00;34,22;17.081,39;;;;;;;;;;;;;;;;;;;;;;;;;;;;;
1201;DZ;SPOLLER MALZBIER LATA 350 ML 12X350 ML;616,00;283,41;10,49;4,00;686,67;65,45;19.506,05;;;;;;;;;;;;;;;;;;;;;;;;;;;;;
1205;DZ;SPOLLER SEM ALCOOL LATA 350 ML 12X350 ML;;350,00;12,96;;316,00;24,38;7.460,69;;;;;;;;;;;;;;;;;;;;;;;;;;;;;
1214;DZ;MACEIO PILSEN LATA 350 ML 350 ML;;245,00;9,07;;977,00;107,71;22.057,58;;;;;;;;;;;;;;;;;;;;;;;;;;;;;
2106;DZ;COLINA BIER LATA 12X350 ML;;200,00;7,40;;612,00;82,70;13.451,28;;;;;;;;;;;;;;;;;;;;;;;;;;;;;
1212;DZ;SPOLLER MALZ S/ALC LATA 350 ML 12X350 ML;308,00;993,00;36,77;3,00;1.017,58;27,67;29.148,03;;;;;;;;;;;;;;;;;;;;;;;;;;;;;
;;* Total Categoria :022 LATA 350;924,00;2.624,41;97,20;35,00;4.310,25;44,34;108.705,04;;;;;;;;;;;;;;;;;;;;;;;;;;;;;
1129;DZ;SPOLLER PILSEN LATAO 473ML 12X473 ML;;4,00;0,14;;811,00;5.792,85;23.952,80;;;;;;;;;;;;;;;;;;;;;;;;;;;;;
;;* Total Categoria :023 LATAO 473;;4,00;0,14;;811,00;5.792,85;23.952,80;;;;;;;;;;;;;;;;;;;;;;;;;;;;;
;;* Total GRUPO :007 SPOLLER;1.388,33;3.393,41;125,68;45,50;6.945,46;55,26;187.961,39;;;;;;;;;;;;;;;;;;;;;;;;;;;;;
268;UN;GELO BOLSA TRITURADA 24 KG;;49,00;1,81;24,00;447,00;246,96;8.253,32;;;;;;;;;;;;;;;;;;;;;;;;;;;;;
1269;UN;GELO EM CUBOS 2 KG;;5,00;0,18;4,00;691,00;3.838,88;1.904,71;;;;;;;;;;;;;;;;;;;;;;;;;;;;;
;;* Total Categoria :001 NAO CADASTRADO;;54,00;2,00;28,00;1.138,00;569,00;10.158,04;;;;;;;;;;;;;;;;;;;;;;;;;;;;;
;;* Total GRUPO :014 GELO;;54,00;2,00;28,00;1.138,00;569,00;10.158,04;;;;;;;;;;;;;;;;;;;;;;;;;;;;;
945;UN;GARRAFA 1A 600 ML;;144,00;5,33;;17.393,00;3.263,22;1.321,86;;;;;;;;;;;;;;;;;;;;;;;;;;;;;
;;* Total Categoria :050 LITROS COMERCIAIS;;144,00;5,33;;17.393,00;3.263,22;1.321,86;;;;;;;;;;;;;;;;;;;;;;;;;;;;;
;;* Total GRUPO :050 GARRAFAS / LITROS;;144,00;5,33;;17.393,00;3.263,22;1.321,86;;;;;;;;;;;;;;;;;;;;;;;;;;;;;
975;UN;CASCO P13;;1,00;0,03;;1.568,00;52.266,66;155.656,16;;;;;;;;;;;;;;;;;;;;;;;;;;;;;
401;UN;GLP P13;;3.496,00;129,48;542,00;1.129,00;8,71;95.870,91;;;;;;;;;;;;;;;;;;;;;;;;;;;;;
402;UN;GLP P20;;250,00;9,25;5,00;317,00;34,27;45.041,55;;;;;;;;;;;;;;;;;;;;;;;;;;;;;
403;UN;GLP P45;;82,00;3,03;;447,00;147,52;127.062,24;;;;;;;;;;;;;;;;;;;;;;;;;;;;;
;;* Total Categoria :097 097;;3.829,00;141,81;547,00;3.461,00;24,40;423.630,87;;;;;;;;;;;;;;;;;;;;;;;;;;;;;
;;* Total GRUPO :097 GAS;;3.829,00;141,81;547,00;3.461,00;24,40;423.630,87;;;;;;;;;;;;;;;;;;;;;;;;;;;;;
;;TOTAL GERAL;66.998,83;37.147,04;1.375,81;2.737,67;208.743,23;151,72;3.602.702,93;;;;;;;;;;;;;;;;;;;;;;;;;;;;;
